Workbook

Sheet Dashboard
B2: Programa Training: Data Analysis / AI para Delitos Financieros
B3: Modelo de seguimiento ejecutivo con timeline, progreso y checklists
B5: Total módulos | D5: Completados | F5: En progreso | H5: % avance
B6: =Módulos!B2 | D6: =Módulos!C2 | F6: =Módulos!D2 | H6: =Módulos!E2
B10: Timeline Ejecutivo
B11: Fase | C11: Inicio | D11: Fin | E11: Módulos | F11: Estado | G11: % avance
B12: Fase 1: Fundamentos | C12: Abr 2026 | D12: May 2026 | E12: 5 | F12: En progreso | G12: 0.52
B13: Fase 2: Análisis de datos | C13: May 2026 | D13: Jun 2026 | E13: 4 | F13: Pendiente | G13: 0
B14: Fase 3: ML & AI | C14: Jun 2026 | D14: Ago 2026 | E14: 5 | F14: Pendiente | G14: 0
B15: Fase 4: Delitos financieros | C15: Ago 2026 | D15: Sep 2026 | E15: 5 | F15: Pendiente | G15: 0
B16: Fase 5: Proyecto final | C16: Sep 2026 | D16: Oct 2026 | E16: 1 | F16: Pendiente | G16: 0
B19: Navegación
B20: → Módulos
B21: → Timeline
B22: → Progreso
B23: → Checklists
B24: → Recursos

Sheet Módulos
B2: Módulos del programa
B3: =COUNTA(C6:C25) | C3: =COUNTIF(F6:F25,"Completado") | D3: =COUNTIF(F6:F25,"En progreso") | E3: =IFERROR(C3/B3,0)
B5: # | C5: Módulo | D5: Fase | E5: Semanas | F5: Estado | G5: Prioridad | H5: Créditos | I5: % avance
B6: 1 | C6: Fundamentos Python para análisis | D6: Fase 1 | E6: 1-2 | F6: Completado | G6: Alta | H6: 8 | I6: 1
B7: 2 | C7: Estadística descriptiva y EDA | D7: Fase 1 | E7: 2-3 | F7: Completado | G7: Alta | H7: 6 | I7: 1
B8: 3 | C8: Pandas y NumPy | D8: Fase 1 | E8: 3-4 | F8: En progreso | G8: Alta | H8: 8 | I8: 0.6
B9: 4 | C9: SQL para analistas | D9: Fase 1 | E9: 4-5 | F9: Pendiente | G9: Media | H9: 6 | I9: 0
B10: 5 | C10: Visualización con Python | D10: Fase 1 | E10: 5 | F10: Pendiente | G10: Media | H10: 4 | I10: 0
B11: 6 | C11: Power BI y dashboards | D11: Fase 2 | E11: 6-7 | F11: Pendiente | G11: Alta | H11: 8 | I11: 0
B12: 7 | C12: Excel avanzado y Power Query | D12: Fase 2 | E12: 7 | F12: Pendiente | G12: Media | H12: 4 | I12: 0
B13: 8 | C13: Series temporales | D13: Fase 2 | E13: 8-9 | F13: Pendiente | G13: Alta | H13: 8 | I13: 0
B14: 9 | C14: Feature engineering financiero | D14: Fase 2 | E14: 9-10 | F14: Pendiente | G14: Media | H14: 6 | I14: 0
B15: 10 | C15: Machine learning supervisado | D15: Fase 3 | E15: 11-12 | F15: Pendiente | G15: Alta | H15: 8 | I15: 0
B16: 11 | C16: ML no supervisado | D16: Fase 3 | E16: 12-13 | F16: Pendiente | G16: Alta | H16: 6 | I16: 0
B17: 12 | C17: Redes neuronales | D17: Fase 3 | E17: 13-14 | F17: Pendiente | G17: Media | H17: 8 | I17: 0
... B25: 20 | C25: Proyecto final AML con AI | D25: Fase 5 | E25: 21-24 | F25: Pendiente | G25: Alta | H25: 12 | I25: 0

Sheet Timeline
B2: Timeline detallado (24 semanas)
B4: # | C4: Módulo | D4: Inicio | E4: Fin | F4: S1 | G4: S2 | H4: S3 | I4: S4 | J4: S5 | K4: S6 | L4: S7 | M4: S8 | N4: S9 | O4: S10 | P4: S11 | Q4: S12 | R4: S13 | S4: S14 | T4: S15 | U4: S16 | V4: S17 | W4: S18 | X4: S19 | Y4: S20
B5: 1 | C5: Fundamentos Python para análisis | D5: 1 | E5: 2
B6: 2 | C6: Estadística descriptiva y EDA | D6: 2 | E6: 3
B7: 3 | C7: Pandas y NumPy | D7: 3 | E7: 4
B8: 4 | C8: SQL para analistas | D8: 4 | E8: 5
B9: 5 | C9: Visualización con Python | D9: 5 | E9: 5
B10: 6 | C10: Power BI y dashboards | D10: 6 | E10: 7
B11: 7 | C11: Excel avanzado y Power Query | D11: 7 | E11: 7
B12: 8 | C12: Series temporales | D12: 8 | E12: 9
B13: 9 | C13: Feature engineering financiero | D13: 9 | E13: 10
B14: 10 | C14: Machine learning supervisado | D14: 11 | E14: 12
B15: 11 | C15: ML no supervisado | D15: 12 | E15: 13
B16: 12 | C16: Redes neuronales | D16: 13 | E16: 14
... B24: 20 | C24: Proyecto final AML con AI | D24: 21 | E24: 24

Sheet Progreso
B2: Seguimiento de progreso
B4: KPI | C4: Meta | D4: Actual | E4: % logro | F4: Estado | G4: Observación
B5: Módulos completados | C5: 20 | D5: =Módulos!C3 | E5: =C5/B5 | F5: =IF(D5>=0.8,"Verde",IF(D5>=0.5,"Ámbar","Rojo")) | G5: Seguimiento global
B6: Módulos en progreso | C6: 5 | D6: =Módulos!D3 | E6: =C6/B6 | F6: =IF(D6>=0.5,"Ámbar","Rojo") | G6: Carga activa
B7: Porcentaje total | C7: 1 | D7: =Módulos!E3 | E7: =C7/B7 | F7: =IF(D7>=0.8,"Verde",IF(D7>=0.5,"Ámbar","Rojo")) | G7: Cumplimiento total
B8: Créditos estimados | C8: 100 | D8: =SUM(H6:H25) | E8: =C8/B8 | F8: =IF(D8>=0.8,"Verde",IF(D8>=0.5,"Ámbar","Rojo")) | G8: Plan completo
B11: Fase | C11: Total módulos | D11: Completados | E11: % avance
B12: Fase 1 | C12: 5 | D12: =COUNTIFS(Módulos!D6:D25,"Fase 1",Módulos!F6:F25,"Completado") | E12: =C12/B12
B13: Fase 2 | C13: 4 | D13: =COUNTIFS(Módulos!D6:D25,"Fase 2",Módulos!F6:F25,"Completado") | E13: =C13/B13
B14: Fase 3 | C14: 5 | D14: =COUNTIFS(Módulos!D6:D25,"Fase 3",Módulos!F6:F25,"Completado") | E14: =C14/B14
B15: Fase 4 | C15: 5 | D15: =COUNTIFS(Módulos!D6:D25,"Fase 4",Módulos!F6:F25,"Completado") | E15: =C15/B15
B16: Fase 5 | C16: 1 | D16: =COUNTIFS(Módulos!D6:D25,"Fase 5",Módulos!F6:F25,"Completado") | E16: =C16/B16

Sheet Checklists
B2: Checklists de módulos
B4: Módulo | C4: Tarea | D4: Responsable/Owner | E4: Fecha | F4: Estado | G4: Notas
B5: M1 | C5: Instalar entorno Python | D5: Alumno | E5: 07/04/2026 | F5: Hecho | G5: Base completada
B6: M1 | C6: Repasar sintaxis y funciones | D6: Alumno | E6: 09/04/2026 | F6: Hecho
B7: M2 | C7: Estudiar estadística descriptiva | D7: Alumno | E7: 18/04/2026 | F7: Hecho
B8: M3 | C8: Limpieza de datos con pandas | D8: Alumno | E8: 30/04/2026 | F8: En progreso | G8: Práctica activa
B9: M3 | C9: Join, merge y groupby | D9: Alumno | E9: 02/05/2026 | F9: En progreso
B10: M4 | C10: Consultas SQL básicas | D10: Alumno | E10: 12/05/2026 | F10: Pendiente
B11: M5 | C11: Visualizaciones con Python | D11: Alumno | E11: 22/05/2026 | F11: Pendiente
B12: M6 | C12: Dashboard en Power BI | D12: Alumno | E12: 05/06/2026 | F12: Pendiente
B13: M10 | C13: Modelo ML supervisado | D13: Alumno | E13: 15/07/2026 | F13: Pendiente
B14: M16 | C14: Caso de fraude con ML | D14: Alumno | E14: 12/09/2026 | F14: Pendiente
B15: M20 | C15: Proyecto final AML + AI | D15: Alumno | E15: 20/10/2026 | F15: Pendiente

Sheet Recursos
B2: Recursos recomendados
B4: Área | C4: Recurso | D4: Tipo | E4: Uso
B5: Python | C5: Python Docs | D5: Documentación | E5: Sintaxis y librerías
B6: Pandas | C6: Pandas Documentation | D6: Documentación | E6: Manipulación de datos
B7: SQL | C7: SQLZoo / Mode | D7: Práctica | E7: Queries y joins
B8: Visualización | C8: Plotly / Matplotlib | D8: Referencia | E8: Dashboards y gráficos
B9: ML | C9: Scikit-learn | D9: Documentación | E9: Modelos supervisados
B10: Fraud | C10: Kaggle datasets | D10: Dataset | E10: Casos reales de fraude
B11: AI | C11: Google AI Studio | D11: Plataforma | E11: Prototipos con LLMs
